,test_accuracy,test_precision,test_recall,test_f1,test_auc,train_accuracy,train_precision,train_recall,train_f1,train_auc
Logistic Regression,0.75,0.8571428571428571,0.8571428571428571,0.8571428571428571,0.8571428571428571,1.0,1.0,1.0,1.0,1.0
Random Forest,0.875,0.875,1.0,0.9333333333333333,1.0,0.9642857142857143,0.9629629629629629,1.0,0.9811320754716981,1.0
Gradient Boosting,0.875,1.0,0.8571428571428571,0.9230769230769231,0.9285714285714286,1.0,1.0,1.0,1.0,1.0
