,test_accuracy,test_precision,test_recall,test_f1,test_auc,train_accuracy,train_precision,train_recall,train_f1,train_auc
Logistic Regression,0.8333333333333334,0.8333333333333334,1.0,0.9090909090909091,0.6,1.0,1.0,1.0,1.0,1.0
Random Forest,0.8333333333333334,0.8333333333333334,1.0,0.9090909090909091,0.4,1.0,1.0,1.0,1.0,1.0
Gradient Boosting,0.8333333333333334,0.8333333333333334,1.0,0.9090909090909091,0.5,1.0,1.0,1.0,1.0,1.0
